"id","name","surname","phone","address","zipCode"
1,"Juan","Pérez","612345678","Calle Principal, 101","12345"
2,"Ana","Doe","698765432","Avenida Elm, 202","54321"
3,"Miguel","Johnson","645678912","Calle Roble, 303","67890"
4,"Emilia","Davis","678912345","Calle Pino, 404","45678"
5,"Guillermo","Anderson","623456789","Calle Cedro, 505","23456"
6,"Sara","Wilson","654321789","Calle Abedul, 606","76543"
7,"Jaime","Taylor","634567891","Avenida Sauce, 707","32123"
8,"Olivia","Martín","678901234","Calle Redwood, 808","87654"
9,"Roberto","Brown","643210987","Calle Arce, 909","43210"
10,"Sofía","Moore","687654321","Calle Abeto, 1010","56789"
11,"David","García","621098765","Calle Pino, 1111","21098"
12,"Emma","López","654321098","Avenida Roble, 1212","54321"
13,"Daniel","Harris","610987654","Calle Abedul, 1313","98765"
14,"Ava","Clark","632109876","Calle Elm, 1414","32109"
15,"José","Lewis","676543210","Calle Cedro, 1515","65432"

